SQL> select * from cat;

TABLE_NAME                     TABLE_TYPE                                       
------------------------------ -----------                                      
COMMENTS                       TABLE                                            
FRIENDS                        TABLE                                            
USERS                          TABLE                                            

SQL> desc comments;
 Name                                      Null?    Type
 ----------------------------------------- -------- ----------------------------
 cid                                       NOT NULL NUMBER(38)
 poster                                    NOT NULL CHAR(5)
 recipient                                 NOT NULL CHAR(5)
 text                                      NOT NULL VARCHAR2(64)
 posttime                                           TIMESTAMP(6)

SQL> desc friends;
 Name                                      Null?    Type
 ----------------------------------------- -------- ----------------------------
 uid1                                      NOT NULL CHAR(5)
 uid2                                      NOT NULL CHAR(5)
 startdate                                          DATE

SQL> desc users;
 Name                                      Null?    Type
 ----------------------------------------- -------- ----------------------------
 uid                                       NOT NULL CHAR(5)
 name                                      NOT NULL VARCHAR2(64)
 gender                                    NOT NULL CHAR(1)

SQL> select * from comments;

       cid poste recip                                                          
---------- ----- -----                                                          
text                                                                            
----------------------------------------------------------------                
posttime                                                                        
---------------------------------------------------------------------------     
         0 1     1                                                              
OMG school is awesome                                                           
01-JUN-15 08.00.00.000000 AM                                                    
                                                                                
         1 1     2                                                              
OMG school is awesome                                                           
01-JUN-15 08.00.00.000000 AM                                                    

       cid poste recip                                                          
---------- ----- -----                                                          
text                                                                            
----------------------------------------------------------------                
posttime                                                                        
---------------------------------------------------------------------------     
                                                                                
         2 1     3                                                              
OMG school is awesome                                                           
01-JUN-15 08.00.00.000000 AM                                                    
                                                                                
         3 1     4                                                              
I love my sister                                                                

       cid poste recip                                                          
---------- ----- -----                                                          
text                                                                            
----------------------------------------------------------------                
posttime                                                                        
---------------------------------------------------------------------------     
01-JUN-15 08.01.00.000000 AM                                                    
                                                                                
         4 1     5                                                              
OMG school is awesome                                                           
01-JUN-15 08.00.00.000000 AM                                                    
                                                                                
         5 1     6                                                              

       cid poste recip                                                          
---------- ----- -----                                                          
text                                                                            
----------------------------------------------------------------                
posttime                                                                        
---------------------------------------------------------------------------     
OMG school is awesome                                                           
01-JUN-15 08.00.00.000000 AM                                                    
                                                                                
         6 1     7                                                              
OMG school is awesome                                                           
01-JUN-15 08.00.00.000000 AM                                                    
                                                                                

       cid poste recip                                                          
---------- ----- -----                                                          
text                                                                            
----------------------------------------------------------------                
posttime                                                                        
---------------------------------------------------------------------------     
         8 1     9                                                              
OMG school is awesome                                                           
01-JUN-15 08.00.00.000000 AM                                                    
                                                                                
         9 1     10                                                             
OMG school is awesome                                                           
01-JUN-15 08.00.00.000000 AM                                                    

       cid poste recip                                                          
---------- ----- -----                                                          
text                                                                            
----------------------------------------------------------------                
posttime                                                                        
---------------------------------------------------------------------------     
                                                                                
        10 4     1                                                              
uhhh                                                                            
01-JUN-15 08.01.15.000000 AM                                                    
                                                                                
        11 8     9                                                              
how are you                                                                     

       cid poste recip                                                          
---------- ----- -----                                                          
text                                                                            
----------------------------------------------------------------                
posttime                                                                        
---------------------------------------------------------------------------     
01-JUN-15 09.01.15.000000 AM                                                    
                                                                                
        12 8     9                                                              
uhhh dude                                                                       
01-JUN-15 10.01.15.000000 AM                                                    
                                                                                
        13 9     8                                                              

       cid poste recip                                                          
---------- ----- -----                                                          
text                                                                            
----------------------------------------------------------------                
posttime                                                                        
---------------------------------------------------------------------------     
just out of class, you                                                          
01-JUN-15 11.01.15.000000 AM                                                    
                                                                                
        14 9     10                                                             
he wont stop "text"ing                                                          
01-JUN-15 12.01.15.000000 PM                                                    
                                                                                

       cid poste recip                                                          
---------- ----- -----                                                          
text                                                                            
----------------------------------------------------------------                
posttime                                                                        
---------------------------------------------------------------------------     
        15 10    9                                                              
just talk to him                                                                
01-JUN-15 12.10.15.000000 PM                                                    
                                                                                
        16 4     3                                                              
we are going to be best friends                                                 
01-JUN-15 12.15.15.000000 PM                                                    

       cid poste recip                                                          
---------- ----- -----                                                          
text                                                                            
----------------------------------------------------------------                
posttime                                                                        
---------------------------------------------------------------------------     
                                                                                
        17 3     4                                                              
uhhh                                                                            
01-JUN-15 12.20.15.000000 PM                                                    
                                                                                
        18 3     9                                                              
want to hang out                                                                

       cid poste recip                                                          
---------- ----- -----                                                          
text                                                                            
----------------------------------------------------------------                
posttime                                                                        
---------------------------------------------------------------------------     
01-JUN-15 12.30.00.000000 PM                                                    
                                                                                

18 rows selected.

SQL> select * from friends;

uid1  uid2  startdate                                                           
----- ----- ---------                                                           
1     2     01-JAN-15                                                           
2     1     01-JAN-15                                                           
1     3     01-JAN-15                                                           
3     1     01-JAN-15                                                           
1     4     01-JAN-15                                                           
4     1     01-JAN-15                                                           
2     3     01-JAN-15                                                           
3     2     01-JAN-15                                                           
2     4     01-JAN-15                                                           
4     2     01-JAN-15                                                           
3     4     01-JAN-15                                                           

uid1  uid2  startdate                                                           
----- ----- ---------                                                           
4     3     01-JAN-15                                                           
5     6     01-JAN-15                                                           
6     5     01-JAN-15                                                           
5     7     01-JAN-15                                                           
7     5     01-JAN-15                                                           
5     8     01-JAN-15                                                           
8     5     01-JAN-15                                                           
6     7     01-JAN-15                                                           
7     6     01-JAN-15                                                           
6     8     01-JAN-15                                                           
8     6     01-JAN-15                                                           

uid1  uid2  startdate                                                           
----- ----- ---------                                                           
7     8     01-JAN-15                                                           
8     7     01-JAN-15                                                           
9     10    01-JAN-15                                                           
10    9     01-JAN-15                                                           
3     9     01-FEB-15                                                           
9     3     01-FEB-15                                                           
4     10    01-FEB-15                                                           
10    4     01-FEB-15                                                           

30 rows selected.

SQL> select * from users;

uid   name                                                             g        
----- ---------------------------------------------------------------- -        
1     Ruby                                                             F        
2     Weiss                                                            F        
3     Blake                                                            F        
4     Yang                                                             F        
5     Jaune                                                            M        
6     Nora                                                             F        
7     Pyrrha                                                           F        
8     Ren                                                              M        
9     Sun                                                              M        
10    Neptune                                                          M        

10 rows selected.

SQL> start query1.sql

       cid poste recip                                                          
---------- ----- -----                                                          
text                                                                            
----------------------------------------------------------------                
posttime                                                                        
---------------------------------------------------------------------------     
         0 1     1                                                              
OMG school is awesome                                                           
01-JUN-15 08.00.00.000000 AM                                                    
                                                                                
         1 1     2                                                              
OMG school is awesome                                                           
01-JUN-15 08.00.00.000000 AM                                                    

       cid poste recip                                                          
---------- ----- -----                                                          
text                                                                            
----------------------------------------------------------------                
posttime                                                                        
---------------------------------------------------------------------------     
                                                                                
         2 1     3                                                              
OMG school is awesome                                                           
01-JUN-15 08.00.00.000000 AM                                                    
                                                                                
         4 1     5                                                              
OMG school is awesome                                                           

       cid poste recip                                                          
---------- ----- -----                                                          
text                                                                            
----------------------------------------------------------------                
posttime                                                                        
---------------------------------------------------------------------------     
01-JUN-15 08.00.00.000000 AM                                                    
                                                                                
         5 1     6                                                              
OMG school is awesome                                                           
01-JUN-15 08.00.00.000000 AM                                                    
                                                                                
         6 1     7                                                              

       cid poste recip                                                          
---------- ----- -----                                                          
text                                                                            
----------------------------------------------------------------                
posttime                                                                        
---------------------------------------------------------------------------     
OMG school is awesome                                                           
01-JUN-15 08.00.00.000000 AM                                                    
                                                                                
         8 1     9                                                              
OMG school is awesome                                                           
01-JUN-15 08.00.00.000000 AM                                                    
                                                                                

       cid poste recip                                                          
---------- ----- -----                                                          
text                                                                            
----------------------------------------------------------------                
posttime                                                                        
---------------------------------------------------------------------------     
         9 1     10                                                             
OMG school is awesome                                                           
01-JUN-15 08.00.00.000000 AM                                                    
                                                                                

8 rows selected.

SQL> start query2.sql

uid   name                                                             g        
----- ---------------------------------------------------------------- -        
10    Neptune                                                          M        
5     Jaune                                                            M        
8     Ren                                                              M        
9     Sun                                                              M        

SQL> start query3.sql

uid   name                                                             g uid    
----- ---------------------------------------------------------------- - -----  
name                                                             g startdate    
---------------------------------------------------------------- - ---------    
5     Jaune                                                            M 6      
Nora                                                             F 01-JAN-15    
                                                                                
5     Jaune                                                            M 7      
Pyrrha                                                           F 01-JAN-15    
                                                                                
8     Ren                                                              M 6      
Nora                                                             F 01-JAN-15    
                                                                                

uid   name                                                             g uid    
----- ---------------------------------------------------------------- - -----  
name                                                             g startdate    
---------------------------------------------------------------- - ---------    
8     Ren                                                              M 7      
Pyrrha                                                           F 01-JAN-15    
                                                                                
9     Sun                                                              M 3      
Blake                                                            F 01-FEB-15    
                                                                                
10    Neptune                                                          M 4      
Yang                                                             F 01-FEB-15    
                                                                                

6 rows selected.

SQL> start query4.sql

uid   name                                                             g        
----- ---------------------------------------------------------------- -        
NUM_FEMALE_FRIENDS NUM_MALE_FRIENDS                                             
------------------ ----------------                                             
10    Neptune                                                          M        
                 1                1                                             
                                                                                
3     Blake                                                            F        
                 3                1                                             
                                                                                
4     Yang                                                             F        
                 3                1                                             
                                                                                

uid   name                                                             g        
----- ---------------------------------------------------------------- -        
NUM_FEMALE_FRIENDS NUM_MALE_FRIENDS                                             
------------------ ----------------                                             
5     Jaune                                                            M        
                 2                1                                             
                                                                                
6     Nora                                                             F        
                 1                2                                             
                                                                                
7     Pyrrha                                                           F        
                 1                2                                             
                                                                                

uid   name                                                             g        
----- ---------------------------------------------------------------- -        
NUM_FEMALE_FRIENDS NUM_MALE_FRIENDS                                             
------------------ ----------------                                             
8     Ren                                                              M        
                 2                1                                             
                                                                                
9     Sun                                                              M        
                 1                1                                             
                                                                                
2     Weiss                                                            F        
                 3                                                              
                                                                                

uid   name                                                             g        
----- ---------------------------------------------------------------- -        
NUM_FEMALE_FRIENDS NUM_MALE_FRIENDS                                             
------------------ ----------------                                             
1     Ruby                                                             F        
                 3                                                              
                                                                                

10 rows selected.

SQL> start query5.sql

uid   name                                                             g        
----- ---------------------------------------------------------------- -        
8     Ren                                                              M        

SQL> start query6.sql

uid   name                                                             g        
----- ---------------------------------------------------------------- -        
8     Ren                                                              M        

SQL> start query6.sql

uid   name                                                             g        
----- ---------------------------------------------------------------- -        
8     Ren                                                              M        

SQL> start query7.sql

text                                                                            
----------------------------------------------------------------                
posttime                                                                        
---------------------------------------------------------------------------     
OMG school is awesome                                                           
01-JUN-15 08.00.00.000000 AM                                                    
                                                                                
OMG school is awesome                                                           
01-JUN-15 08.00.00.000000 AM                                                    
                                                                                
I love my sister                                                                
01-JUN-15 08.01.00.000000 AM                                                    
                                                                                

text                                                                            
----------------------------------------------------------------                
posttime                                                                        
---------------------------------------------------------------------------     
uhhh                                                                            
01-JUN-15 12.20.15.000000 PM                                                    
                                                                                
want to hang out                                                                
01-JUN-15 12.30.00.000000 PM                                                    
                                                                                
uhhh                                                                            
01-JUN-15 08.01.15.000000 AM                                                    
                                                                                

text                                                                            
----------------------------------------------------------------                
posttime                                                                        
---------------------------------------------------------------------------     
we are going to be best friends                                                 
01-JUN-15 12.15.15.000000 PM                                                    
                                                                                
he wont stop "text"ing                                                          
01-JUN-15 12.01.15.000000 PM                                                    
                                                                                

8 rows selected.

SQL> start query8.sql

uid   name                                                             g        
----- ---------------------------------------------------------------- -        
1     Ruby                                                             F        

SQL> start query9.sql

uid   name                                                             g        
----- ---------------------------------------------------------------- -        
MAX_COMMENTS_RECEIVED                                                           
---------------------                                                           
9     Sun                                                              M        
                    5                                                           
                                                                                

SQL> spool off
